# fbus,tbus,r,x,b,rateA,rateB,rateC,tap,shift,status,angmin,angmax
1.000000000000000000e+00,4.000000000000000000e+00,0.000000000000000000e+00,5.759999999999999842e-02,0.000000000000000000e+00,2.500000000000000000e+02,2.500000000000000000e+02,2.500000000000000000e+02,0.000000000000000000e+00,0.000000000000000000e+00,1.000000000000000000e+00,-3.600000000000000000e+02,3.600000000000000000e+02
4.000000000000000000e+00,5.000000000000000000e+00,1.700000000000000122e-02,9.199999999999999845e-02,1.580000000000000016e-01,2.500000000000000000e+02,2.500000000000000000e+02,2.500000000000000000e+02,0.000000000000000000e+00,0.000000000000000000e+00,1.000000000000000000e+00,-3.600000000000000000e+02,3.600000000000000000e+02
5.000000000000000000e+00,6.000000000000000000e+00,3.899999999999999994e-02,1.700000000000000122e-01,3.579999999999999849e-01,1.500000000000000000e+02,1.500000000000000000e+02,1.500000000000000000e+02,0.000000000000000000e+00,0.000000000000000000e+00,1.000000000000000000e+00,-3.600000000000000000e+02,3.600000000000000000e+02
3.000000000000000000e+00,6.000000000000000000e+00,0.000000000000000000e+00,5.859999999999999931e-02,0.000000000000000000e+00,3.000000000000000000e+02,3.000000000000000000e+02,3.000000000000000000e+02,0.000000000000000000e+00,0.000000000000000000e+00,1.000000000000000000e+00,-3.600000000000000000e+02,3.600000000000000000e+02
6.000000000000000000e+00,7.000000000000000000e+00,1.190000000000000085e-02,1.008000000000000007e-01,2.089999999999999913e-01,1.500000000000000000e+02,1.500000000000000000e+02,1.500000000000000000e+02,0.000000000000000000e+00,0.000000000000000000e+00,1.000000000000000000e+00,-3.600000000000000000e+02,3.600000000000000000e+02
7.000000000000000000e+00,8.000000000000000000e+00,8.500000000000000611e-03,7.199999999999999456e-02,1.489999999999999936e-01,2.500000000000000000e+02,2.500000000000000000e+02,2.500000000000000000e+02,0.000000000000000000e+00,0.000000000000000000e+00,1.000000000000000000e+00,-3.600000000000000000e+02,3.600000000000000000e+02
8.000000000000000000e+00,2.000000000000000000e+00,0.000000000000000000e+00,6.250000000000000000e-02,0.000000000000000000e+00,2.500000000000000000e+02,2.500000000000000000e+02,2.500000000000000000e+02,0.000000000000000000e+00,0.000000000000000000e+00,1.000000000000000000e+00,-3.600000000000000000e+02,3.600000000000000000e+02
8.000000000000000000e+00,9.000000000000000000e+00,3.200000000000000067e-02,1.610000000000000042e-01,3.059999999999999942e-01,2.500000000000000000e+02,2.500000000000000000e+02,2.500000000000000000e+02,0.000000000000000000e+00,0.000000000000000000e+00,1.000000000000000000e+00,-3.600000000000000000e+02,3.600000000000000000e+02
9.000000000000000000e+00,4.000000000000000000e+00,1.000000000000000021e-02,8.500000000000000611e-02,1.759999999999999898e-01,2.500000000000000000e+02,2.500000000000000000e+02,2.500000000000000000e+02,0.000000000000000000e+00,0.000000000000000000e+00,1.000000000000000000e+00,-3.600000000000000000e+02,3.600000000000000000e+02
